name,description,category,buying_price,selling_price,quantity,unit_type,photo,supplier_name
Pan integral - Tempore 819,Pan integral ideal para culpa y actividades cotidianas. Incluye características como alias y harum.,Alimentos,143.44,225.4,39,kg,alimentos.jpg,Hotel Globales S.L.
Queso andino - Veritatis 299,Queso andino ideal para quisquam y actividades cotidianas. Incluye características como commodi y rerum.,Alimentos,280.66,346.65,25,kg,alimentos.jpg,Antón y Andrés S.A.
Yogurt natural - Eveniet 282,Yogurt natural ideal para quae y actividades cotidianas. Incluye características como sed y alias.,Alimentos,131.58,181.09,84,kg,alimentos.jpg,Soluciones Ibéricos S.Coop.
Arroz en grano - Hic 950,Arroz en grano ideal para ab y actividades cotidianas. Incluye características como dolore y voluptatem.,Alimentos,281.51,399.65,60,kg,alimentos.jpg,Nieto y Lobo S.A.
Galletas artesanales - Labore 567,Galletas artesanales ideal para corporis y actividades cotidianas. Incluye características como consectetur y modi.,Alimentos,139.46,262.84,59,kg,alimentos.jpg,Minería FPL S.Coop.
Leche descremada - Minus 460,Leche descremada ideal para beatae y actividades cotidianas. Incluye características como quod y impedit.,Alimentos,68.49,110.06,89,kg,alimentos.jpg,Fernandez & Asociados S.A.
Mantequilla fresca - Eum 486,Mantequilla fresca ideal para illum y actividades cotidianas. Incluye características como beatae y eveniet.,Alimentos,214.38,320.19,25,kg,alimentos.jpg,Restauración XRI S.Com.
Frutas secas - Velit 248,Frutas secas ideal para fugiat y actividades cotidianas. Incluye características como voluptates y vero.,Alimentos,58.68,175.39,75,kg,alimentos.jpg,Distribuciones LITZ S.L.
Café molido - Quos 771,Café molido ideal para est y actividades cotidianas. Incluye características como vitae y itaque.,Alimentos,276.78,311.72,46,kg,alimentos.jpg,Grupo Antón S.L.
Té verde - Natus 787,Té verde ideal para fugiat y actividades cotidianas. Incluye características como at y error.,Alimentos,136.93,156.98,68,kg,alimentos.jpg,Garcia y asociados S.Com.
Aceite de oliva - Temporibus 877,Aceite de oliva ideal para officia y actividades cotidianas. Incluye características como dicta y fuga.,Alimentos,211.38,288.47,80,kg,alimentos.jpg,Industrias Jódar S.L.
Sal marina - Nobis 704,Sal marina ideal para reprehenderit y actividades cotidianas. Incluye características como natus y magni.,Alimentos,148.02,174.75,36,kg,alimentos.jpg,Desarrollo del Sur S.A.
Azúcar rubia - Architecto 758,Azúcar rubia ideal para culpa y actividades cotidianas. Incluye características como dolor y sunt.,Alimentos,103.8,146.58,34,kg,alimentos.jpg,Suministros Bartolomé S.Com.
Fideos de trigo - Saepe 428,Fideos de trigo ideal para omnis y actividades cotidianas. Incluye características como quia y explicabo.,Alimentos,297.95,446.51,22,kg,alimentos.jpg,Familia Lasa S.L.
Salsa de tomate - Laboriosam 671,Salsa de tomate ideal para culpa y actividades cotidianas. Incluye características como impedit y nostrum.,Alimentos,63.05,165.27,64,kg,alimentos.jpg,Talleres Acero S.L.N.E
Harina integral - Fuga 714,Harina integral ideal para provident y actividades cotidianas. Incluye características como dolorum y quae.,Alimentos,201.9,272.11,24,kg,alimentos.jpg,Inversiones AKTI S.L.N.E
Vinagre de manzana - Quia 295,Vinagre de manzana ideal para a y actividades cotidianas. Incluye características como sapiente y iste.,Alimentos,222.23,289.24,75,kg,alimentos.jpg,Alejo Caparrós Parejo S.L.N.E
Chocolate orgánico - Inventore 317,Chocolate orgánico ideal para excepturi y actividades cotidianas. Incluye características como aspernatur y excepturi.,Alimentos,266.48,305.03,75,kg,alimentos.jpg,Compañía ZDNN S.A.
Avena instantánea - Pariatur 170,Avena instantánea ideal para quo y actividades cotidianas. Incluye características como doloremque y fuga.,Alimentos,141.95,229.39,19,kg,alimentos.jpg,Galán y Font S.L.
Miel de abeja - Natus 486,Miel de abeja ideal para velit y actividades cotidianas. Incluye características como totam y minima.,Alimentos,257.74,361.82,85,kg,alimentos.jpg,Trinidad Villar Sanmiguel S.A.
Camisa de algodón - Et 224,Camisa de algodón ideal para at y actividades cotidianas. Incluye características como labore y adipisci.,Ropa,204.98,288.76,16,pz,ropa.jpg,Hotel Avanzadas S.A.
Pantalón jeans - Suscipit 880,Pantalón jeans ideal para assumenda y actividades cotidianas. Incluye características como eum y atque.,Ropa,272.53,329.48,70,pz,ropa.jpg,Hermanos Belda S.Coop.
Chaqueta impermeable - Hic 479,Chaqueta impermeable ideal para velit y actividades cotidianas. Incluye características como placeat y error.,Ropa,223.57,303.92,66,pz,ropa.jpg,Tecnologías Herrero S.L.
Vestido de verano - Nemo 927,Vestido de verano ideal para eaque y actividades cotidianas. Incluye características como consequatur y consequatur.,Ropa,205.35,248.9,31,pz,ropa.jpg,Pablo y Roda S.Com.
Sudadera deportiva - Asperiores 943,Sudadera deportiva ideal para veniam y actividades cotidianas. Incluye características como ullam y tenetur.,Ropa,31.75,105.7,10,pz,ropa.jpg,Comercial LPF S.A.
Falda casual - Quidem 192,Falda casual ideal para occaecati y actividades cotidianas. Incluye características como deserunt y nisi.,Ropa,84.99,173.79,43,pz,ropa.jpg,Inmobiliaria Sevillano S.C.P
Polo clásico - Autem 474,Polo clásico ideal para numquam y actividades cotidianas. Incluye características como quo y consequuntur.,Ropa,206.28,233.33,96,pz,ropa.jpg,Familia Bueno S.L.N.E
Blusa estampada - Ex 826,Blusa estampada ideal para doloremque y actividades cotidianas. Incluye características como nemo y placeat.,Ropa,253.72,344.44,16,pz,ropa.jpg,Ignacio Quero Barral S.A.
Abrigo largo - A 876,Abrigo largo ideal para molestias y actividades cotidianas. Incluye características como fuga y odit.,Ropa,269.19,289.37,27,pz,ropa.jpg,Suministros Torrecilla & Asociados S.A.
Chompa tejida - Esse 473,Chompa tejida ideal para aspernatur y actividades cotidianas. Incluye características como repellendus y quis.,Ropa,167.54,290.26,26,pz,ropa.jpg,Hermanos Barceló S.A.
Ropa interior - Perferendis 661,Ropa interior ideal para provident y actividades cotidianas. Incluye características como quia y dolore.,Ropa,217.73,255.86,78,pz,ropa.jpg,Familia Estevez S.A.
Calcetines térmicos - Atque 897,Calcetines térmicos ideal para veniam y actividades cotidianas. Incluye características como ex y necessitatibus.,Ropa,150.98,205.08,29,pz,ropa.jpg,Industrias EGVE S.Coop.
Gorro de lana - Facilis 433,Gorro de lana ideal para enim y actividades cotidianas. Incluye características como velit y ipsam.,Ropa,58.04,108.56,88,pz,ropa.jpg,Infraestructuras del Mediterráneo S.A.
Bufanda de alpaca - Tenetur 990,Bufanda de alpaca ideal para in y actividades cotidianas. Incluye características como officia y ipsam.,Ropa,124.47,173.5,64,pz,ropa.jpg,Alimentación GDF S.Coop.
Chaqueta de cuero - Quae 418,Chaqueta de cuero ideal para fuga y actividades cotidianas. Incluye características como delectus y laudantium.,Ropa,173.15,303.81,72,pz,ropa.jpg,Industrias OWC S.Com.
Pantalones cortos - Ullam 733,Pantalones cortos ideal para quia y actividades cotidianas. Incluye características como accusamus y vel.,Ropa,248.91,330.52,37,pz,ropa.jpg,Construcción Cañizares y asociados S.A.
Chaleco acolchado - Corrupti 229,Chaleco acolchado ideal para quod y actividades cotidianas. Incluye características como dolor y fugit.,Ropa,78.32,117.6,54,pz,ropa.jpg,Fábrica Novoa & Asociados S.L.
Leggins deportivos - Fuga 726,Leggins deportivos ideal para quae y actividades cotidianas. Incluye características como porro y explicabo.,Ropa,275.72,409.86,67,pz,ropa.jpg,Familia Roda S.L.L.
Camisa formal - Aperiam 453,Camisa formal ideal para a y actividades cotidianas. Incluye características como iusto y delectus.,Ropa,147.3,257.28,100,pz,ropa.jpg,Distribuciones Sala y asociados S.Coop.
Buzo polar - Culpa 162,Buzo polar ideal para autem y actividades cotidianas. Incluye características como voluptas y distinctio.,Ropa,67.67,187.85,98,pz,ropa.jpg,Hermanos Colomer S.Com.
Laptop HP - Animi 559,Laptop HP ideal para inventore y actividades cotidianas. Incluye características como maiores y animi.,Electronica,67.3,156.99,95,pz,electronica.jpg,Gallo & Asociados S.L.
Tablet Samsung - Libero 525,Tablet Samsung ideal para ratione y actividades cotidianas. Incluye características como nemo y sit.,Electronica,90.81,190.72,97,pz,electronica.jpg,Industrias Cámara S.L.N.E
Auriculares Bluetooth - Dolorum 677,Auriculares Bluetooth ideal para neque y actividades cotidianas. Incluye características como alias y dolorum.,Electronica,72.66,195.12,88,pz,electronica.jpg,Requena & Asociados S.C.P
"Monitor LG 24"" - Voluptates 557","Monitor LG 24"" ideal para corrupti y actividades cotidianas. Incluye características como modi y amet.",Electronica,271.13,335.88,13,pz,electronica.jpg,Iván Flores Seguí S.Com.
Cámara digital - Eum 359,Cámara digital ideal para et y actividades cotidianas. Incluye características como alias y unde.,Electronica,197.34,233.56,25,pz,electronica.jpg,Servicios Internacionales S.C.P
Smartwatch Xiaomi - Atque 378,Smartwatch Xiaomi ideal para hic y actividades cotidianas. Incluye características como laudantium y temporibus.,Electronica,55.9,107.63,32,pz,electronica.jpg,Muñoz y Amorós S.A.
Teclado mecánico - Facilis 290,Teclado mecánico ideal para dolorum y actividades cotidianas. Incluye características como repellendus y fuga.,Electronica,49.04,164.62,47,pz,electronica.jpg,Familia Rovira S.Com.
Mouse inalámbrico - Ipsam 658,Mouse inalámbrico ideal para nostrum y actividades cotidianas. Incluye características como sequi y quaerat.,Electronica,247.03,277.09,73,pz,electronica.jpg,Restauración JCWB S.L.L.
Cargador portátil - Vitae 662,Cargador portátil ideal para velit y actividades cotidianas. Incluye características como eius y maiores.,Electronica,150.86,233.64,10,pz,electronica.jpg,Becerra y Murillo S.L.
Router Wi-Fi - Ut 911,Router Wi-Fi ideal para cupiditate y actividades cotidianas. Incluye características como in y quae.,Electronica,184.84,305.24,89,pz,electronica.jpg,Soluciones Morera y asociados S.L.
Memoria USB 64GB - Quod 739,Memoria USB 64GB ideal para debitis y actividades cotidianas. Incluye características como earum y nihil.,Electronica,205.85,286.36,77,pz,electronica.jpg,Dávila y Mascaró S.Com.
Disco duro externo - A 813,Disco duro externo ideal para incidunt y actividades cotidianas. Incluye características como illo y eos.,Electronica,220.05,330.27,78,pz,electronica.jpg,Montserrat y Sola S.Com.
Impresora multifunción - Veniam 416,Impresora multifunción ideal para error y actividades cotidianas. Incluye características como quaerat y pariatur.,Electronica,219.0,285.98,31,pz,electronica.jpg,Compañía Luz S.Coop.
Parlante portátil - Tempora 329,Parlante portátil ideal para sit y actividades cotidianas. Incluye características como iusto y consectetur.,Electronica,192.08,306.18,45,pz,electronica.jpg,Inversiones Ibéricos S.L.L.
Micrófono profesional - Dignissimos 122,Micrófono profesional ideal para alias y actividades cotidianas. Incluye características como aperiam y exercitationem.,Electronica,142.01,211.76,64,pz,electronica.jpg,Emiliana Beltran Sarabia S.Com.
Webcam HD - Suscipit 968,Webcam HD ideal para repellat y actividades cotidianas. Incluye características como earum y voluptatem.,Electronica,134.19,233.03,38,pz,electronica.jpg,Urrutia y Pulido S.A.U
Pantalla táctil - Ullam 227,Pantalla táctil ideal para voluptas y actividades cotidianas. Incluye características como ab y corrupti.,Electronica,205.04,283.51,48,pz,electronica.jpg,Gilabert y Echeverría S.L.
Batería recargable - Voluptatem 689,Batería recargable ideal para quas y actividades cotidianas. Incluye características como officiis y architecto.,Electronica,175.39,274.15,13,pz,electronica.jpg,Consultoría del Norte S.A.
Proyector LED - Officiis 794,Proyector LED ideal para vel y actividades cotidianas. Incluye características como quia y ratione.,Electronica,197.43,225.26,54,pz,electronica.jpg,Salas y asociados S.L.L.
Control remoto universal - Quo 915,Control remoto universal ideal para occaecati y actividades cotidianas. Incluye características como dolore y pariatur.,Electronica,232.01,344.01,75,pz,electronica.jpg,Juan Antonio Huertas Lluch S.L.
Mesa de comedor - Quasi 844,Mesa de comedor ideal para placeat y actividades cotidianas. Incluye características como sunt y excepturi.,Hogar,253.77,388.59,85,pz,hogar.jpg,Supermercados Berenguer y asociados S.A.U
Silla ergonómica - Iusto 913,Silla ergonómica ideal para ipsum y actividades cotidianas. Incluye características como quis y beatae.,Hogar,77.22,112.63,32,pz,hogar.jpg,Despacho Guardia S.Com.
Cortinas blackout - Dolor 477,Cortinas blackout ideal para voluptatibus y actividades cotidianas. Incluye características como error y at.,Hogar,78.7,120.24,61,pz,hogar.jpg,Ramón y Muro S.Coop.
Lámpara LED - Nesciunt 814,Lámpara LED ideal para assumenda y actividades cotidianas. Incluye características como enim y nihil.,Hogar,81.37,124.6,18,pz,hogar.jpg,Aller y Pintor S.Coop.
Colchón ortopédico - Libero 594,Colchón ortopédico ideal para in y actividades cotidianas. Incluye características como molestias y nihil.,Hogar,105.39,240.68,30,pz,hogar.jpg,Transportes Ibéricos S.C.P
Espejo decorativo - Placeat 398,Espejo decorativo ideal para aliquam y actividades cotidianas. Incluye características como molestias y labore.,Hogar,47.22,127.87,22,pz,hogar.jpg,Dalmau y Solsona S.L.N.E
Alfombra moderna - Soluta 540,Alfombra moderna ideal para quibusdam y actividades cotidianas. Incluye características como alias y mollitia.,Hogar,289.16,408.78,10,pz,hogar.jpg,Familia Romero S.A.
Cojines suaves - Officiis 140,Cojines suaves ideal para ducimus y actividades cotidianas. Incluye características como architecto y facilis.,Hogar,29.95,152.67,54,pz,hogar.jpg,Morán y Galán S.Coop.
Jarrón cerámico - Labore 736,Jarrón cerámico ideal para modi y actividades cotidianas. Incluye características como hic y nihil.,Hogar,158.04,228.8,94,pz,hogar.jpg,Compañía Sosa & Asociados S.L.
Reloj de pared - Asperiores 253,Reloj de pared ideal para laudantium y actividades cotidianas. Incluye características como et y totam.,Hogar,248.86,350.11,88,pz,hogar.jpg,Banco XK S.A.
Estantería de madera - Dolor 644,Estantería de madera ideal para excepturi y actividades cotidianas. Incluye características como debitis y pariatur.,Hogar,114.69,185.92,71,pz,hogar.jpg,Fábrica KNI S.Coop.
Ropero modular - Cum 744,Ropero modular ideal para dolorem y actividades cotidianas. Incluye características como ipsa y corrupti.,Hogar,201.4,229.85,39,pz,hogar.jpg,Hermanos Perez S.Com.
Toallas absorbentes - Eius 259,Toallas absorbentes ideal para autem y actividades cotidianas. Incluye características como rerum y voluptas.,Hogar,197.15,332.09,43,pz,hogar.jpg,Construcción Inteligentes S.L.L.
Mueble de TV - Sapiente 315,Mueble de TV ideal para cumque y actividades cotidianas. Incluye características como recusandae y animi.,Hogar,178.12,299.88,32,pz,hogar.jpg,Romero y asociados S.A.
Sábanas de algodón - Tenetur 577,Sábanas de algodón ideal para laboriosam y actividades cotidianas. Incluye características como accusantium y nihil.,Hogar,181.81,331.29,30,pz,hogar.jpg,Curro Rosselló Paredes S.L.
Cobertor térmico - Officia 849,Cobertor térmico ideal para voluptatum y actividades cotidianas. Incluye características como dolor y nostrum.,Hogar,82.2,109.03,78,pz,hogar.jpg,Inmobiliaria Tomás S.Coop.
Organizador de zapatos - Rerum 157,Organizador de zapatos ideal para fugiat y actividades cotidianas. Incluye características como iste y exercitationem.,Hogar,49.39,159.08,24,pz,hogar.jpg,Inmobiliaria MYF S.Com.
Perchero de pie - Aliquam 685,Perchero de pie ideal para possimus y actividades cotidianas. Incluye características como itaque y ducimus.,Hogar,154.37,198.55,28,pz,hogar.jpg,Ibán Pacheco Jordán S.Com.
Ventilador silencioso - Saepe 348,Ventilador silencioso ideal para voluptates y actividades cotidianas. Incluye características como harum y quos.,Hogar,81.03,116.28,37,pz,hogar.jpg,Grupo Boada S.A.U
Cortina de baño - Nemo 212,Cortina de baño ideal para porro y actividades cotidianas. Incluye características como quos y excepturi.,Hogar,91.37,188.87,77,pz,hogar.jpg,Flavia Tudela Samper S.L.
Muñeca articulada - Consectetur 144,Muñeca articulada ideal para impedit y actividades cotidianas. Incluye características como est y necessitatibus.,Juguetes,31.13,55.96,37,pz,juguetes.jpg,Inversiones del Levante S.Coop.
Auto a control remoto - Quia 658,Auto a control remoto ideal para laborum y actividades cotidianas. Incluye características como nisi y quo.,Juguetes,21.37,129.94,66,pz,juguetes.jpg,Ortiz y asociados S.C.P
Bloques de construcción - Explicabo 600,Bloques de construcción ideal para eveniet y actividades cotidianas. Incluye características como cumque y earum.,Juguetes,132.22,196.66,58,pz,juguetes.jpg,Carreras & Asociados S.A.
Puzzle educativo - Perspiciatis 445,Puzzle educativo ideal para harum y actividades cotidianas. Incluye características como repudiandae y qui.,Juguetes,201.89,272.31,49,pz,juguetes.jpg,Construcción Ferrera y asociados S.A.T.
Juego de mesa - Dolorum 951,Juego de mesa ideal para incidunt y actividades cotidianas. Incluye características como accusantium y voluptatum.,Juguetes,45.71,181.68,39,pz,juguetes.jpg,Inmobiliaria Arroyo S.L.N.E
Pelota saltarina - Quod 140,Pelota saltarina ideal para illum y actividades cotidianas. Incluye características como voluptatem y debitis.,Juguetes,166.02,209.23,23,pz,juguetes.jpg,Cristian Alberola Luís S.Coop.
Set de plastilina - Nulla 590,Set de plastilina ideal para laboriosam y actividades cotidianas. Incluye características como ea y asperiores.,Juguetes,282.24,358.4,29,pz,juguetes.jpg,Tecnologías Carbonell & Asociados S.Com.
Rompecabezas 3D - Aut 556,Rompecabezas 3D ideal para repellat y actividades cotidianas. Incluye características como suscipit y vitae.,Juguetes,227.95,279.22,50,pz,juguetes.jpg,Grupo Company S.L.L.
Juguete musical - Incidunt 838,Juguete musical ideal para blanditiis y actividades cotidianas. Incluye características como expedita y cumque.,Juguetes,181.16,282.34,45,pz,juguetes.jpg,Gonzalez y Yáñez S.Com.
Pistola de agua - Numquam 382,Pistola de agua ideal para in y actividades cotidianas. Incluye características como repudiandae y nobis.,Juguetes,269.08,293.44,41,pz,juguetes.jpg,Comercial Cabezas & Asociados S.L.
Carrito de bomberos - Fuga 676,Carrito de bomberos ideal para ut y actividades cotidianas. Incluye características como beatae y dolore.,Juguetes,297.48,350.88,47,pz,juguetes.jpg,Farmaceútica Española S.A.
Cubo mágico - Nemo 661,Cubo mágico ideal para odio y actividades cotidianas. Incluye características como voluptas y saepe.,Juguetes,56.31,194.82,52,pz,juguetes.jpg,Lupe Antúnez Guardiola S.C.P
Peluche gigante - Id 428,Peluche gigante ideal para voluptates y actividades cotidianas. Incluye características como odit y aut.,Juguetes,56.1,123.93,36,pz,juguetes.jpg,Infraestructuras Ibérica S.Com.
Aros encajables - Quisquam 254,Aros encajables ideal para et y actividades cotidianas. Incluye características como tenetur y distinctio.,Juguetes,55.99,104.12,45,pz,juguetes.jpg,Despacho Bellido & Asociados S.A.
Robot interactivo - Inventore 266,Robot interactivo ideal para saepe y actividades cotidianas. Incluye características como reiciendis y illo.,Juguetes,229.02,300.46,14,pz,juguetes.jpg,Edelmiro Solís Mateu S.L.
Juego de memoria - Fugit 821,Juego de memoria ideal para provident y actividades cotidianas. Incluye características como quis y possimus.,Juguetes,65.36,96.14,28,pz,juguetes.jpg,Cecilio Ariño Rosales S.L.
Camión de carga - Sed 916,Camión de carga ideal para explicabo y actividades cotidianas. Incluye características como alias y consectetur.,Juguetes,58.84,170.99,99,pz,juguetes.jpg,Banca Privada Integrales S.Coop.
Títeres de mano - Doloribus 724,Títeres de mano ideal para optio y actividades cotidianas. Incluye características como quas y totam.,Juguetes,149.5,225.38,48,pz,juguetes.jpg,Yésica Lobo Escudero S.L.U.
Dominó infantil - Nostrum 235,Dominó infantil ideal para tempora y actividades cotidianas. Incluye características como porro y consectetur.,Juguetes,179.2,206.2,73,pz,juguetes.jpg,Pablo Real Mínguez S.Com.
Maletín veterinario de juguete - Corporis 863,Maletín veterinario de juguete ideal para dolorem y actividades cotidianas. Incluye características como iure y neque.,Juguetes,57.22,129.95,55,pz,juguetes.jpg,Luis Pérez Arco S.Coop.
Novela romántica - Ipsam 371,Novela romántica ideal para explicabo y actividades cotidianas. Incluye características como iste y cum.,Libros,120.55,202.31,62,u,libros.jpg,Vilar y Abella S.L.
Manual de cocina - Quis 795,Manual de cocina ideal para officiis y actividades cotidianas. Incluye características como neque y asperiores.,Libros,44.36,130.58,18,u,libros.jpg,Promociones del Sur S.L.
Libro de aventuras - Asperiores 878,Libro de aventuras ideal para enim y actividades cotidianas. Incluye características como fugiat y quo.,Libros,178.28,297.59,89,u,libros.jpg,Instalaciones Ríos S.L.N.E
Enciclopedia ilustrada - Placeat 117,Enciclopedia ilustrada ideal para cupiditate y actividades cotidianas. Incluye características como aliquam y suscipit.,Libros,180.11,221.79,93,u,libros.jpg,Distribuciones Inteligentes S.Coop.
Cuentos infantiles - Quod 907,Cuentos infantiles ideal para nemo y actividades cotidianas. Incluye características como consectetur y et.,Libros,132.96,179.13,64,u,libros.jpg,Talleres HI S.L.N.E
Biografía histórica - Illum 710,Biografía histórica ideal para quaerat y actividades cotidianas. Incluye características como voluptatibus y fugit.,Libros,229.71,366.62,60,u,libros.jpg,Tolosa y Sureda S.A.U
Libro de autoayuda - Quod 440,Libro de autoayuda ideal para dignissimos y actividades cotidianas. Incluye características como molestiae y eaque.,Libros,292.68,433.09,44,u,libros.jpg,Comercializadora Llorente S.L.
Libro de ciencia ficción - Nesciunt 626,Libro de ciencia ficción ideal para laboriosam y actividades cotidianas. Incluye características como quae y fugiat.,Libros,76.0,104.84,79,u,libros.jpg,Hermanos Martín S.L.L.
Ensayo filosófico - Repellendus 614,Ensayo filosófico ideal para unde y actividades cotidianas. Incluye características como porro y distinctio.,Libros,295.18,382.04,64,u,libros.jpg,Bárbara Tomé Ochoa S.Com.
Diccionario escolar - Quisquam 210,Diccionario escolar ideal para minus y actividades cotidianas. Incluye características como odit y iste.,Libros,267.2,319.37,100,u,libros.jpg,Industrias del Mediterráneo S.A.U
Libro de poesía - Neque 327,Libro de poesía ideal para aperiam y actividades cotidianas. Incluye características como ipsum y pariatur.,Libros,289.96,361.55,82,u,libros.jpg,Polo y Cornejo S.Coop.
Atlas geográfico - Amet 499,Atlas geográfico ideal para debitis y actividades cotidianas. Incluye características como provident y rerum.,Libros,131.28,247.62,24,u,libros.jpg,Cabrera y asociados S.A.
Libro de matemáticas - Odit 281,Libro de matemáticas ideal para accusantium y actividades cotidianas. Incluye características como dicta y nemo.,Libros,202.18,334.08,35,u,libros.jpg,Comercializadora Soria S.L.
Crónica periodística - Fuga 785,Crónica periodística ideal para labore y actividades cotidianas. Incluye características como soluta y voluptate.,Libros,289.46,337.19,76,u,libros.jpg,Bernat y Moya S.L.L.
Historieta educativa - Quibusdam 245,Historieta educativa ideal para modi y actividades cotidianas. Incluye características como ipsum y sunt.,Libros,190.23,281.95,39,u,libros.jpg,Salud Araujo Bayona S.A.U
Fábulas clásicas - Vitae 410,Fábulas clásicas ideal para illo y actividades cotidianas. Incluye características como eum y consectetur.,Libros,119.58,212.04,35,u,libros.jpg,Cabello y Cabrera S.Com.
Manga japonés - Voluptate 293,Manga japonés ideal para in y actividades cotidianas. Incluye características como aliquam y aperiam.,Libros,289.71,403.79,70,u,libros.jpg,Barba y asociados S.Com.
Guía turística - Non 708,Guía turística ideal para dignissimos y actividades cotidianas. Incluye características como exercitationem y quia.,Libros,54.27,135.42,57,u,libros.jpg,Escolano y Domínguez S.A.
Libro de colorear - Similique 373,Libro de colorear ideal para modi y actividades cotidianas. Incluye características como sit y vero.,Libros,261.13,295.34,18,u,libros.jpg,Transportes Globales S.A.U
Revista educativa - Tempore 919,Revista educativa ideal para facere y actividades cotidianas. Incluye características como officia y facere.,Libros,128.62,251.87,48,u,libros.jpg,Hnos Maestre S.L.
Crema facial hidratante - Dolore 341,Crema facial hidratante ideal para aut y actividades cotidianas. Incluye características como numquam y laborum.,Belleza,43.13,95.71,15,ml,belleza.jpg,Suministros Ibáñez y asociados S.L.L.
Perfume floral - Eius 198,Perfume floral ideal para molestiae y actividades cotidianas. Incluye características como perspiciatis y corrupti.,Belleza,272.81,374.7,33,ml,belleza.jpg,Restauración del Levante S.Coop.
Shampoo nutritivo - Voluptates 565,Shampoo nutritivo ideal para impedit y actividades cotidianas. Incluye características como adipisci y unde.,Belleza,127.56,228.88,65,ml,belleza.jpg,Llobet y Aguiló S.Coop.
Maquillaje compacto - Vitae 650,Maquillaje compacto ideal para architecto y actividades cotidianas. Incluye características como sequi y praesentium.,Belleza,114.88,259.63,67,ml,belleza.jpg,Hotel Ortuño & Asociados S.L.
Esmalte de uñas - Sit 520,Esmalte de uñas ideal para explicabo y actividades cotidianas. Incluye características como veritatis y unde.,Belleza,287.15,317.85,41,ml,belleza.jpg,Construcción Ariza S.Com.
Gel fijador - Nulla 554,Gel fijador ideal para aliquid y actividades cotidianas. Incluye características como repellendus y maiores.,Belleza,219.9,266.21,71,ml,belleza.jpg,Compañía Marquez S.Com.
Toallitas desmaquillantes - Nesciunt 423,Toallitas desmaquillantes ideal para doloribus y actividades cotidianas. Incluye características como eligendi y delectus.,Belleza,257.13,405.98,16,ml,belleza.jpg,Valls y asociados S.L.L.
Mascarilla capilar - Facere 682,Mascarilla capilar ideal para perspiciatis y actividades cotidianas. Incluye características como impedit y labore.,Belleza,269.43,289.89,77,ml,belleza.jpg,Talleres HY S.L.L.
Peine antienredo - Veniam 140,Peine antienredo ideal para nam y actividades cotidianas. Incluye características como quos y maiores.,Belleza,226.14,258.26,16,ml,belleza.jpg,Servicios NG S.Com.
Crema antiarrugas - Veniam 869,Crema antiarrugas ideal para fuga y actividades cotidianas. Incluye características como reprehenderit y modi.,Belleza,255.28,331.86,19,ml,belleza.jpg,Campoy & Asociados S.Coop.
Bálsamo labial - Sit 306,Bálsamo labial ideal para ratione y actividades cotidianas. Incluye características como itaque y similique.,Belleza,158.14,259.44,29,ml,belleza.jpg,Comercializadora del Norte S.L.N.E
Aceite de coco - Incidunt 341,Aceite de coco ideal para totam y actividades cotidianas. Incluye características como nemo y cum.,Belleza,177.76,290.13,100,ml,belleza.jpg,Banco Arcos S.Com.
Set de brochas - Possimus 253,Set de brochas ideal para cum y actividades cotidianas. Incluye características como consequatur y ex.,Belleza,81.83,186.97,14,ml,belleza.jpg,Restauración Santiago S.Com.
Exfoliante corporal - Voluptatem 438,Exfoliante corporal ideal para quis y actividades cotidianas. Incluye características como nihil y repudiandae.,Belleza,174.81,196.01,11,ml,belleza.jpg,Soluciones Cabeza S.L.L.
Loción corporal - Sint 445,Loción corporal ideal para nemo y actividades cotidianas. Incluye características como hic y aliquid.,Belleza,95.02,119.63,93,ml,belleza.jpg,Gaya y asociados S.Com.
Espuma limpiadora - Ex 269,Espuma limpiadora ideal para magni y actividades cotidianas. Incluye características como consequuntur y vitae.,Belleza,65.72,167.88,96,ml,belleza.jpg,Palmer & Asociados S.Com.
Crema para manos - Eaque 853,Crema para manos ideal para cupiditate y actividades cotidianas. Incluye características como odit y consectetur.,Belleza,226.22,248.11,60,ml,belleza.jpg,Banca Privada Castellana S.L.
Tónico facial - Exercitationem 584,Tónico facial ideal para debitis y actividades cotidianas. Incluye características como recusandae y enim.,Belleza,49.63,197.69,57,ml,belleza.jpg,Fábrica LTRH S.L.N.E
Desodorante natural - A 653,Desodorante natural ideal para harum y actividades cotidianas. Incluye características como dignissimos y delectus.,Belleza,250.22,364.92,74,ml,belleza.jpg,Farmaceútica Canet & Asociados S.A.
Sombras de ojos - Magnam 652,Sombras de ojos ideal para ex y actividades cotidianas. Incluye características como repudiandae y iste.,Belleza,30.25,142.94,92,ml,belleza.jpg,Grupo Lara S.A.
Pelota de fútbol - Nihil 908,Pelota de fútbol ideal para qui y actividades cotidianas. Incluye características como cum y at.,Deportes,259.2,301.02,45,pz,deportes.jpg,Vidal Paredes Vilanova S.Coop.
Raqueta de tenis - Odio 215,Raqueta de tenis ideal para provident y actividades cotidianas. Incluye características como est y sint.,Deportes,287.12,420.05,34,pz,deportes.jpg,Hermanos Sedano S.L.
Colchoneta de yoga - Aliquam 293,Colchoneta de yoga ideal para assumenda y actividades cotidianas. Incluye características como perferendis y natus.,Deportes,154.1,270.32,50,pz,deportes.jpg,Campoy y Trujillo S.L.
Guantes de boxeo - Numquam 960,Guantes de boxeo ideal para aut y actividades cotidianas. Incluye características como beatae y iste.,Deportes,151.49,294.07,56,pz,deportes.jpg,Comercializadora Cases S.C.P
Camiseta deportiva - Tempora 740,Camiseta deportiva ideal para reprehenderit y actividades cotidianas. Incluye características como quo y itaque.,Deportes,218.26,278.19,82,pz,deportes.jpg,Mariño y Santiago S.Coop.
Bicicleta de montaña - Non 233,Bicicleta de montaña ideal para consequuntur y actividades cotidianas. Incluye características como voluptates y cum.,Deportes,167.42,283.07,94,pz,deportes.jpg,Suministros del Norte S.L.N.E
Zapatillas running - Neque 466,Zapatillas running ideal para labore y actividades cotidianas. Incluye características como odit y natus.,Deportes,198.09,261.17,83,pz,deportes.jpg,Bustamante y Milla S.Com.
Gorra deportiva - Vel 323,Gorra deportiva ideal para facere y actividades cotidianas. Incluye características como minima y dolor.,Deportes,232.35,329.62,88,pz,deportes.jpg,Bonifacio Bou Blázquez S.A.
Botella de agua - Consequatur 905,Botella de agua ideal para minima y actividades cotidianas. Incluye características como delectus y quos.,Deportes,190.4,251.87,71,pz,deportes.jpg,Hermanos Carvajal S.Com.
Cuerda para saltar - Vel 335,Cuerda para saltar ideal para nisi y actividades cotidianas. Incluye características como asperiores y illo.,Deportes,211.53,327.79,14,pz,deportes.jpg,Minería Calleja & Asociados S.A.
Rodillera deportiva - Perspiciatis 381,Rodillera deportiva ideal para et y actividades cotidianas. Incluye características como corrupti y laudantium.,Deportes,260.34,345.02,82,pz,deportes.jpg,Cardona y asociados S.Coop.
Muñequeras elásticas - Nobis 125,Muñequeras elásticas ideal para ratione y actividades cotidianas. Incluye características como soluta y sint.,Deportes,235.8,347.52,95,pz,deportes.jpg,Hermanos Andres S.A.
Bolso deportivo - Voluptates 118,Bolso deportivo ideal para ipsa y actividades cotidianas. Incluye características como labore y laudantium.,Deportes,206.98,283.7,63,pz,deportes.jpg,Grupo Clemente S.Coop.
Protector bucal - Natus 445,Protector bucal ideal para atque y actividades cotidianas. Incluye características como dicta y tempora.,Deportes,14.05,157.83,76,pz,deportes.jpg,Familia Garrido S.Com.
Pesa rusa - Odit 572,Pesa rusa ideal para laboriosam y actividades cotidianas. Incluye características como dolore y maxime.,Deportes,27.0,159.61,94,pz,deportes.jpg,Logística Blazquez & Asociados S.A.
Balón de baloncesto - Sit 393,Balón de baloncesto ideal para architecto y actividades cotidianas. Incluye características como veniam y beatae.,Deportes,279.45,363.8,68,pz,deportes.jpg,Supermercados Rodrigo y asociados S.Coop.
Casco de ciclismo - Nesciunt 688,Casco de ciclismo ideal para fugit y actividades cotidianas. Incluye características como esse y quam.,Deportes,198.88,237.25,41,pz,deportes.jpg,Minería FJE S.Coop.
Red de voleibol - Inventore 212,Red de voleibol ideal para aperiam y actividades cotidianas. Incluye características como est y nam.,Deportes,292.5,412.66,45,pz,deportes.jpg,Familia Fuente S.Com.
Chaleco reflectante - Error 992,Chaleco reflectante ideal para deserunt y actividades cotidianas. Incluye características como facere y illum.,Deportes,99.5,135.93,53,pz,deportes.jpg,Carretero & Asociados S.Coop.
Gafas deportivas - Non 879,Gafas deportivas ideal para doloribus y actividades cotidianas. Incluye características como delectus y modi.,Deportes,259.66,376.25,96,pz,deportes.jpg,Minería Española S.Com.
Martillo reforzado - Animi 726,Martillo reforzado ideal para nostrum y actividades cotidianas. Incluye características como ad y officia.,Herramientas,101.67,123.91,38,pz,herramientas.jpg,Logística WVHP S.Com.
Taladro inalámbrico - Itaque 227,Taladro inalámbrico ideal para dolores y actividades cotidianas. Incluye características como sit y officia.,Herramientas,128.78,153.28,99,pz,herramientas.jpg,Borja y asociados S.L.L.
Cinta métrica - Exercitationem 197,Cinta métrica ideal para nostrum y actividades cotidianas. Incluye características como repudiandae y natus.,Herramientas,182.61,289.16,58,pz,herramientas.jpg,Servicios MLO S.A.
Caja de herramientas - Tempora 147,Caja de herramientas ideal para cum y actividades cotidianas. Incluye características como quia y quaerat.,Herramientas,109.1,141.03,84,pz,herramientas.jpg,Minería del Levante S.L.
Destornillador eléctrico - Tenetur 150,Destornillador eléctrico ideal para dignissimos y actividades cotidianas. Incluye características como ex y corporis.,Herramientas,171.77,259.02,17,pz,herramientas.jpg,Infraestructuras Figueroa S.A.
Sierra manual - Dolor 651,Sierra manual ideal para ullam y actividades cotidianas. Incluye características como autem y dolorum.,Herramientas,198.08,313.98,39,pz,herramientas.jpg,Abril Sanchez Moraleda S.L.N.E
Nivel de burbuja - Sunt 269,Nivel de burbuja ideal para ipsam y actividades cotidianas. Incluye características como distinctio y nulla.,Herramientas,166.92,238.64,53,pz,herramientas.jpg,Tecnologías GPE S.Com.
Llave inglesa - Aut 801,Llave inglesa ideal para ipsa y actividades cotidianas. Incluye características como officiis y odio.,Herramientas,44.03,177.74,33,pz,herramientas.jpg,Familia Peinado S.L.L.
Juego de brocas - Autem 606,Juego de brocas ideal para tenetur y actividades cotidianas. Incluye características como consectetur y sint.,Herramientas,33.08,76.23,40,pz,herramientas.jpg,Sevillano y Armengol S.Coop.
Clavos variados - Rem 630,Clavos variados ideal para totam y actividades cotidianas. Incluye características como eaque y iste.,Herramientas,124.46,158.44,63,pz,herramientas.jpg,Angélica Contreras Barrio S.Coop.
Alicate multifunción - Laboriosam 406,Alicate multifunción ideal para blanditiis y actividades cotidianas. Incluye características como quae y tenetur.,Herramientas,202.29,229.86,66,pz,herramientas.jpg,Banco Huguet S.L.
Soldador eléctrico - Nulla 431,Soldador eléctrico ideal para qui y actividades cotidianas. Incluye características como quasi y similique.,Herramientas,282.44,374.77,56,pz,herramientas.jpg,Promociones Peralta S.L.N.E
Lijadora orbital - Molestias 802,Lijadora orbital ideal para nemo y actividades cotidianas. Incluye características como labore y veritatis.,Herramientas,127.1,270.47,97,pz,herramientas.jpg,Hermanos Bastida S.Com.
Remachadora - Quos 287,Remachadora ideal para veritatis y actividades cotidianas. Incluye características como molestiae y id.,Herramientas,30.12,162.93,10,pz,herramientas.jpg,Despacho Mínguez & Asociados S.Coop.
Cúter retráctil - Dicta 647,Cúter retráctil ideal para laudantium y actividades cotidianas. Incluye características como ipsa y ullam.,Herramientas,183.5,219.73,29,pz,herramientas.jpg,Castelló y Blazquez S.Com.
Multímetro digital - Minus 642,Multímetro digital ideal para temporibus y actividades cotidianas. Incluye características como iure y debitis.,Herramientas,105.52,188.25,66,pz,herramientas.jpg,Suministros SSJL S.L.N.E
Guantes anticorte - Placeat 669,Guantes anticorte ideal para earum y actividades cotidianas. Incluye características como et y deserunt.,Herramientas,131.43,160.25,21,pz,herramientas.jpg,Comercializadora Marqués S.L.L.
Mazo de goma - Consequuntur 840,Mazo de goma ideal para quae y actividades cotidianas. Incluye características como quis y qui.,Herramientas,247.57,377.86,76,pz,herramientas.jpg,Hermanos Castro S.Coop.
Cepillo de acero - Dolor 762,Cepillo de acero ideal para dolorem y actividades cotidianas. Incluye características como ducimus y voluptate.,Herramientas,148.15,194.24,86,pz,herramientas.jpg,Supermercados Arranz S.Com.
Lupa con luz - Veritatis 287,Lupa con luz ideal para ex y actividades cotidianas. Incluye características como numquam y similique.,Herramientas,117.0,202.52,37,pz,herramientas.jpg,Supermercados Guillén & Asociados S.Com.
Reloj deportivo - Optio 553,Reloj deportivo ideal para earum y actividades cotidianas. Incluye características como maxime y veritatis.,Accesorios,254.3,389.57,14,pz,accesorios.jpg,Íñigo Luján Piña S.Coop.
Gorra de béisbol - Nihil 263,Gorra de béisbol ideal para dolorem y actividades cotidianas. Incluye características como eligendi y sed.,Accesorios,239.42,297.4,63,pz,accesorios.jpg,Infraestructuras Azorin S.L.
Mochila urbana - Minima 757,Mochila urbana ideal para quod y actividades cotidianas. Incluye características como corporis y quas.,Accesorios,47.91,84.25,98,pz,accesorios.jpg,Instalaciones NO S.L.N.E
Cinturón de cuero - Dignissimos 538,Cinturón de cuero ideal para nostrum y actividades cotidianas. Incluye características como consectetur y est.,Accesorios,288.49,348.39,70,pz,accesorios.jpg,Soledad Olmedo Amor S.Com.
Bolso cruzado - Nam 308,Bolso cruzado ideal para provident y actividades cotidianas. Incluye características como minima y ex.,Accesorios,38.6,90.8,61,pz,accesorios.jpg,Bilbao y Perera S.A.T.
Lentes de sol - Ipsum 160,Lentes de sol ideal para consequuntur y actividades cotidianas. Incluye características como totam y iusto.,Accesorios,179.65,252.12,56,pz,accesorios.jpg,Desarrollo Arenas S.C.P
Pañuelo estampado - Optio 862,Pañuelo estampado ideal para voluptatem y actividades cotidianas. Incluye características como deserunt y voluptatibus.,Accesorios,285.54,360.98,80,pz,accesorios.jpg,Vidal Adadia Bernad S.A.
Guantes de invierno - Esse 952,Guantes de invierno ideal para distinctio y actividades cotidianas. Incluye características como quo y sequi.,Accesorios,182.57,267.39,71,pz,accesorios.jpg,Cantero y Maldonado S.A.U
Cartera compacta - Cupiditate 836,Cartera compacta ideal para architecto y actividades cotidianas. Incluye características como excepturi y nihil.,Accesorios,234.64,263.75,94,pz,accesorios.jpg,Bernardino Cantero Valero S.Coop.
Bandolera casual - Ad 740,Bandolera casual ideal para suscipit y actividades cotidianas. Incluye características como quam y repellat.,Accesorios,193.94,294.08,73,pz,accesorios.jpg,Despacho Inteligentes S.Com.
Riñonera moderna - Sint 303,Riñonera moderna ideal para libero y actividades cotidianas. Incluye características como excepturi y rem.,Accesorios,113.2,163.91,99,pz,accesorios.jpg,Exposito y Boada S.Coop.
Bufanda de alpaca - Magni 910,Bufanda de alpaca ideal para atque y actividades cotidianas. Incluye características como qui y quisquam.,Accesorios,283.43,397.66,33,pz,accesorios.jpg,Hnos Soriano S.A.
Llavero decorativo - Molestias 408,Llavero decorativo ideal para minima y actividades cotidianas. Incluye características como explicabo y ad.,Accesorios,58.38,199.76,86,pz,accesorios.jpg,Bauzà y asociados S.A.U
Funda para celular - Unde 252,Funda para celular ideal para sunt y actividades cotidianas. Incluye características como corporis y repellendus.,Accesorios,62.25,139.87,90,pz,accesorios.jpg,Cañellas & Asociados S.Com.
Estuche de gafas - Labore 595,Estuche de gafas ideal para temporibus y actividades cotidianas. Incluye características como doloribus y vitae.,Accesorios,30.11,129.94,14,pz,accesorios.jpg,Josefa Tejero Esparza S.L.L.
Gorro tejido - At 700,Gorro tejido ideal para officia y actividades cotidianas. Incluye características como amet y impedit.,Accesorios,272.8,295.51,92,pz,accesorios.jpg,Banco Ibérica S.L.N.E
Pinza para billetes - Ipsam 123,Pinza para billetes ideal para ipsa y actividades cotidianas. Incluye características como quam y nam.,Accesorios,167.97,315.92,91,pz,accesorios.jpg,José Luis Arce Feijoo S.C.P
Tirantes elegantes - Architecto 330,Tirantes elegantes ideal para ullam y actividades cotidianas. Incluye características como iure y fugit.,Accesorios,19.52,129.64,31,pz,accesorios.jpg,Promociones UMU S.Com.
Diadema floral - Ea 731,Diadema floral ideal para praesentium y actividades cotidianas. Incluye características como voluptate y praesentium.,Accesorios,64.46,105.11,22,pz,accesorios.jpg,Vives y asociados S.L.
Collar artesanal - Nisi 604,Collar artesanal ideal para beatae y actividades cotidianas. Incluye características como non y sed.,Accesorios,80.33,176.56,49,pz,accesorios.jpg,Instalaciones Montesinos S.A.
